Semestre,Carrera,Alumno Regular,Estado Nacimiento,Tienes hermanos,Marca telefono,Modelo telï¿½fono,Capacidad,Plan o prepago,Antiguedad telefono,Nuevo o Seminuevo,Gï¿½nero,Trabajas,Edad,Telï¿½fono que te gustarï¿½a tener
3,Ciencia de Datos,,Estado de Mï¿½xico,,Honor,Honor x7a ,128 GB,1,4,1,0,1,21,
3,Ciencia de Datos,,Estado de Mï¿½xico,,Apple,iPhone 15 pro max,256 GB,0,2,1,0,0,21,
1,Ciencia de Datos,,Estado de Mï¿½xico,,Apple,iphone 16 pro max ,256 GB,1,3,1,0,0,20,
3,Ciencia de Datos,,CDMX,,Apple,iPhone 16 Pro Max,256 GB,1,3,1,1,0,19,
3,Ciencia de Datos,,Otro,,Apple,iPhone 13 Pro max,512 GB,0,3,0,1,0,19,
4,Ciencia de Datos,,CDMX,,Xiaomi,Redmi Note 13 Pro 5G,512 GB,1,3,1,1,0,22,
3,Ciencia de Datos,,CDMX,,Otra,Cubot P80,256 GB,0,3,1,1,0,19,
3,Ciencia de Datos,,Estado de Mï¿½xico,,Samsung,Samsung galaxy A54,128 GB,1,3,1,0,0,19,
5,Ciencia de Datos,,Estado de Mï¿½xico,,Motorola,G(60)s,64 GB,1,3,0,0,1,24,
4,Inteligencia Artificial,,CDMX,,Samsung,A52,64 GB,0,3,0,0,0,19,
4,Ciencia de Datos,,CDMX,,Otra,Infinix,256 GB,1,1,1,1,1,22,
5,Ciencia de Datos,,CDMX,,Apple,iPhone 15,256,1,3,1,0,0,22,
4,Ciencia de Datos,,Estado de Mï¿½xico,,Apple,iPhone 14 Pro ,128 GB,1,4,1,1,0,19,
4,Ciencia de Datos,,CDMX,,Samsung,A16,64 GB,0,1,1,1,0,19,
6,Ciencia de Datos,,Estado de Mï¿½xico,,Motorola,Moto edge 30 neo,32 GB,0,5,1,1,0,21,
4,Ciencia de Datos,,CDMX,,Xiaomi,Remi note,512 GB,1,2,1,1,0,19,
7,Ingenierï¿½a en Sistemas,,CDMX,,Samsung,Samsung S24,256 GB,0,3,1,1,1,22,
7,Ingenierï¿½a en Sistemas,,Estado de Mï¿½xico,,Motorola,g31,64 GB,1,5,1,0,1,21,
4,Ciencia de Datos,,CDMX,,Samsung,A52,128 GB,0,3,1,0,1,24 o mï¿½s,
4,Ciencia de Datos,,Estado de Mï¿½xico,,Motorola,motorola edge 30,128 GB,0,3,1,0,1,20,
8,Ingenierï¿½a en Sistemas,,CDMX,,Samsung,S23,512 GB,1,2,1,0,1,22,
5,Ingenierï¿½a en Sistemas,,CDMX,,Google Pixel,Google pixel 9 pro XL ,256 GB,1,3,1,1,1,24 o mï¿½s,
4,Ciencia de Datos,,Estado de Mï¿½xico,,Otra,nubia Neo 2 5G,256 GB,1,2,1,1,0,19,
3,Ciencia de Datos,,Estado de Mï¿½xico,,Motorola,Moto G60 ,256 GB,0,5,1,0,0,22,
7,Ingenierï¿½a en Sistemas,,Estado de Mï¿½xico,,Samsung,Samsung S25 Ultra,256 GB,1,2,1,1,0,21,
3,Ingenierï¿½a en Sistemas,,CDMX,,Realme,Reakme C75,256 GB,1,1,1,1,0,21,
3,Ciencia de Datos,,Estado de Mï¿½xico,,Apple,iPhone 17,256 GB,1,1,1,1,0,21,
3,Ciencia de Datos,,Estado de Mï¿½xico,,Apple,iPhone 17 pro Max ,512 GB,1,1,1,1,1,21,
3,Ciencia de Datos,,CDMX,,Oppo,.,256 GB,1,2,1,1,0,19,
5,Ciencia de Datos,0,CDMX,1,Oppo,Reno 14,256 GB,1,1,0,1,1,20,
4,Ciencia de Datos,1,CDMX,1,Huawei,HUAWEI Y9a,128 GB,1,4,1,0,0,23,Asus
4,Ciencia de Datos,1,Estado de Mï¿½xico,0,Xiaomi,Redmi 15,256 GB,0,1,1,1,1,19,Xiaomi
4,Ciencia de Datos,0,CDMX,1,Apple,IPhone 11,128 GB,1,4,1,1,0,19,Google Pixel
4,Ciencia de Datos,1,CDMX,1,Honor,iPhone 16 pro max,1 TB,1,4,1,0,0,19,Apple
5,Ciencia de Datos,1,CDMX,1,Samsung,A60,128 GB,1,2,1,1,0,20,Huawei
4,Ciencia de Datos,1,CDMX,1,Google Pixel,Google Pixel 6a ,128 GB,0,4,0,1,0,20,Google Pixel
3,Ciencia de Datos,0,CDMX,0,Apple,iPhone 17 ,256 GB,1,1,1,1,0,21,Apple
4,Ciencia de Datos,0,CDMX,1,Honor,Honor 400 lite,256 GB,1,1,1,0,0,22,Samsung
4,Ciencia de Datos,0,CDMX,1,Samsung,S23 ultra,256 GB,0,3,1,0,0,20,Samsung
4,Ciencia de Datos,1,CDMX,1,Apple,iPhone 14,128 GB,1,1,0,1,1,21,Apple
2,Ciencia de Datos,0,CDMX,1,Samsung,A51,128 GB,0,4,0,0,0,24 o mï¿½s,Samsung
3,Ciencia de Datos,1,Estado de Mï¿½xico,1,Xiaomi,REDMI NOTE 10 PRO,128 GB,0,5,1,1,1,20,OnePlus
8,Ingenierï¿½a en Sistemas,1,Estado de Mï¿½xico,1,Apple,iPhone 14,128 GB,0,2,1,0,1,23,Apple
3,Ciencia de Datos,0,CDMX,1,Samsung,A36,256 GB,0,2,1,1,1,22,Samsung
4,Ciencia de Datos,1,Estado de Mï¿½xico,1,Apple,iPhone 12,256 GB,1,3,1,0,0,19,Apple
3,Ciencia de Datos,0,Estado de Mï¿½xico,1,Samsung,A16 ,256 GB,1,1,1,0,0,19,Samsung
4,Ciencia de Datos,0,Estado de Mï¿½xico,1,Samsung,S24+,512 GB,1,3,1,1,0,20,Samsung
3,Ciencia de Datos,1,Estado de Mï¿½xico,1,Samsung,A54,256 GB,1,3,1,1,0,19,Apple
2,Ciencia de Datos,1,Estado de Mï¿½xico,1,Apple,iPhone 17 Pro Max ,256 GB,1,1,1,1,0,19,Apple
3,Ciencia de Datos,0,Estado de Mï¿½xico,1,Apple,iPhone 15,256 GB,1,2,1,1,0,19,Apple
7,Ingenierï¿½a en Sistemas,0,CDMX,1,Oppo,A79,256 GB,1,3,1,0,1,21,Samsung
2,Ingenierï¿½a en Sistemas,0,CDMX,1,Xiaomi,Redmi 13c,128 GB,1,3,1,1,0,18,Samsung
1,Ingenierï¿½a en Sistemas,1,CDMX,0,Vivo,Y28,256 GB,0,2,1,1,1,23,Samsung
1,Ingenierï¿½a en Sistemas,1,Estado de Mï¿½xico,1,Xiaomi,Xiaomi redmi note 11 pro plus,256 GB,0,1,0,1,1,21,Samsung
8,Ciencia de Datos,1,CDMX,1,Apple,iphone 16 pro,128 GB,0,3,1,0,0,22,Apple
2,Ingenierï¿½a en Sistemas,1,CDMX,1,Motorola,Moto g50,128 GB,1,2,1,1,0,19,Apple
8,Ciencia de Datos,1,CDMX,1,Xiaomi,Poco F6 Pro,512 GB,1,3,1,1,1,23,Xiaomi
2,Ingenierï¿½a en Sistemas,0,Quintana Roo,1,Apple,iPhone 12,128 GB,1,4,1,1,0,18,Apple
2,Ingenierï¿½a en Sistemas,0,CDMX,1,Apple,ph12,256 GB,1,4,1,1,1,19,Apple
2,Ingenierï¿½a en Sistemas,1,CDMX,1,Apple,iPhone 16 pro,512 GB,1,3,1,1,1,19,Apple
4,Ingenierï¿½a en Sistemas,1,CDMX,1,Xiaomi,Redmi 10,128 GB,0,4,1,1,0,20,Honor
5,Ingenierï¿½a en Sistemas,0,Estado de Mï¿½xico,1,Apple,iPhone 15,256 GB,1,3,1,0,0,22,Apple
1,Ingenierï¿½a en Sistemas,1,CDMX,1,Apple,Iphone 12,128 GB,1,1,0,0,0,19,Apple
1,Ingenierï¿½a en Sistemas,1,CDMX,1,Samsung,Samsung s23,128 GB,1,3,1,0,0,18,Apple
3,Ingenierï¿½a en Sistemas,1,Estado de Mï¿½xico,1,Samsung,A56,256 GB,1,1,1,1,0,19,Apple
3,Ingenierï¿½a en Sistemas,1,CDMX,0,Realme,realme 12+ 5G,256 GB,1,2,1,1,0,19,Samsung
4,Ingenierï¿½a en Sistemas,0,Estado de Mï¿½xico,1,Xiaomi,Redmi note 14 pro ,128 GB,0,3,1,1,1,19,Realme
5,Inteligencia Artificial,1,Estado de Mï¿½xico,1,Samsung,A54,128 GB,1,4,1,0,0,21,Google Pixel
3,Ingenierï¿½a en Sistemas,0,CDMX,1,Samsung,A54,128 GB,0,3,1,0,0,19,Samsung
5,Inteligencia Artificial,1,Estado de Mï¿½xico,1,Otra,Poco m5s,64 GB,1,5,1,1,0,20,Huawei
6,Inteligencia Artificial,1,CDMX,1,Samsung,S22 ultra,256 GB,0,3,0,1,1,21,Samsung
3,Ingenierï¿½a en Sistemas,0,Estado de Mï¿½xico,1,Honor,X8B,128 GB,1,3,1,0,1,20,Google Pixel
7,Inteligencia Artificial,1,CDMX,1,Apple,iPhone 13 ,32 GB,1,1,1,0,0,21,Apple
6,Ciencia de Datos,0,CDMX,1,Samsung,A53 galaxy,64 GB,1,1,0,1,1,21,Samsung
3,Ingenierï¿½a en Sistemas,0,Estado de Mï¿½xico,1,Xiaomi,Redmi Note 13,256 GB,1,3,1,1,1,22,Samsung
4,Ingenierï¿½a en Sistemas,0,CDMX,1,Apple,iPhone 17 pro Max ,256 GB,1,1,1,1,0,20,Apple
5,Ingenierï¿½a en Sistemas,0,CDMX,1,Samsung,S23U,256 GB,0,4,1,1,1,22,Apple
4,Ingenierï¿½a en Sistemas,1,Estado de Mï¿½xico,1,Xiaomi,Poco X3 pro,256 GB,0,5,1,1,1,24 o mï¿½s,Xiaomi
6,Ingenierï¿½a en Sistemas,0,Estado de Mï¿½xico,1,Otra,M3pro 5g,128 GB,0,4,1,1,0,23,Huawei
2,Ingenierï¿½a en Sistemas,0,Estado de Mï¿½xico,1,Xiaomi,Mi 11T,256 GB,0,5,1,1,1,18,Xiaomi
4,Ingenierï¿½a en Sistemas,1,Estado de Mï¿½xico,1,Apple,iphone 11,64 GB,0,5,1,0,0,19,Samsung
4,Ingenierï¿½a en Sistemas,1,CDMX,1,Oppo,Reno f13,128 GB,0,2,1,1,0,19,Oppo
4,Ingenierï¿½a en Sistemas,1,CDMX,1,Xiaomi,POCO X6 PRO,512 GB,0,3,1,1,0,19,Samsung
4,Ingenierï¿½a en Sistemas,1,CDMX,1,Apple,iphone 11,128 GB,0,1,0,0,0,19,Apple
8,Ingenierï¿½a en Sistemas,0,Estado de Mï¿½xico,1,Apple,iPhone 11,64 GB,0,5,1,1,0,24 o mï¿½s,Google Pixel
6,Ingenierï¿½a en Sistemas,0,CDMX,1,Samsung,S21,128 GB,0,4,1,1,0,21,Samsung
4,Ciencia de Datos,1,Estado de Mï¿½xico,1,Motorola,Moto G54 Plus,128 GB,0,3,0,0,0,20,Samsung
4,Ingenierï¿½a en Sistemas,1,CDMX,1,Xiaomi,Redmi Note 13,128 GB,1,3,1,1,1,19,Samsung
5,Ciencia de Datos,1,Estado de Mï¿½xico,0,Apple,iPhone 16 pro,512 GB,1,1,1,1,1,22,Apple
4,Ingenierï¿½a en Sistemas,1,Estado de Mï¿½xico,1,Xiaomi,Redmi note 11,128 GB,0,3,1,1,1,21,Realme
4,Ciencia de Datos,1,CDMX,1,Motorola,moto g82 5G,64 GB,0,3,1,1,0,20,Motorola
5,Ingenierï¿½a en Sistemas,1,CDMX,0,Samsung,S25 Ultra,512 GB,1,1,1,1,0,20,Samsung
1,Ciencia de Datos,1,CDMX,1,Samsung,A17,256 GB,0,1,1,1,1,19,Samsung
6,Ingenierï¿½a en Sistemas,1,Estado de Mï¿½xico,1,Motorola,G84,256 GB,1,2,1,1,1,21,Samsung
4,Ciencia de Datos,1,CDMX,1,Apple,iPhone 17 pro max,256 GB,1,1,1,1,0,20,Apple
4,Ciencia de Datos,1,CDMX,1,Samsung,Samsung A56,256 GB,0,1,1,0,0,20,Samsung
4,Ciencia de Datos,1,Estado de Mï¿½xico,1,Apple,iPhone 15 pro,128 GB,0,3,1,1,1,23,Samsung
4,Ciencia de Datos,1,Estado de Mï¿½xico,1,Apple,iPhone 13,256 GB,0,4,1,1,0,19,Apple
6,Ciencia de Datos,1,CDMX,1,Samsung,A56,64 GB,0,2,1,0,1,24 o mï¿½s,Samsung
4,Inteligencia Artificial,1,Estado de Mï¿½xico,1,Apple,iphone 15 pro max,256 GB,1,3,1,1,0,19,Apple
4,Inteligencia Artificial,1,Estado de Mï¿½xico,1,Realme,A5 Pro,256 GB,1,3,1,1,1,19,Apple
6,Ciencia de Datos,1,CDMX,1,Apple,iPhone 17 Pro Max,512 GB,1,1,1,0,0,22,Google Pixel
6,Ciencia de Datos,0,CDMX,1,Apple,iPhone 11 ,64 GB,0,4,1,1,1,24 o mï¿½s,Apple
6,Ciencia de Datos,1,Estado de Mï¿½xico,1,Samsung,A13,32 GB,0,3,1,0,0,22,Samsung
6,Ciencia de Datos,1,CDMX,1,Motorola,G84,128 GB,0,3,1,1,0,24 o mï¿½s,Otra
4,Ciencia de Datos,0,Estado de Mï¿½xico,1,Apple,iPhone 16 e,128 GB,1,1,1,1,0,19,Apple
3,Ciencia de Datos,1,CDMX,0,Xiaomi,Poco X7 Pro 5G,512 GB,0,1,1,1,0,19,Xiaomi
6,Ciencia de Datos,1,CDMX,1,Motorola,motorola edge 60 fusion,256 GB,0,1,1,0,1,24 o mï¿½s,Motorola
6,Ciencia de Datos,1,Estado de Mï¿½xico,1,Samsung,S24 ultra ,256 GB,1,3,1,1,0,20,Samsung
6,Ciencia de Datos,1,Estado de Mï¿½xico,0,Apple,iPhone 15,256 GB,0,3,1,0,0,20,Apple
3,Inteligencia Artificial,0,Guerrero,1,Oppo,Reno 14,256 GB,0,1,1,1,0,20,Apple
6,Ciencia de Datos,0,Estado de Mï¿½xico,1,Apple,iPhone 14,128 GB,0,4,1,0,0,22,Apple
3,Ciencia de Datos,0,Estado de Mï¿½xico,1,Apple,iphone 14 Pro,128 GB,0,4,1,1,1,19,Apple
4,Ingenierï¿½a en Sistemas,1,CDMX,1,Samsung,A53,128 GB,1,2,0,0,0,19,Huawei
4,Ciencia de Datos,1,Estado de Mï¿½xico,0,Apple,iphone 13,128 GB,0,2,0,1,0,19,Apple
4,Ciencia de Datos,1,CDMX,1,Samsung,S24 FE,128 GB,1,1,1,1,0,21,Samsung
2,Ingenierï¿½a en Sistemas,0,CDMX,1,Huawei,Nova Y60,64 GB,1,5,1,1,0,18,OnePlus
2,Ingenierï¿½a en Sistemas,1,CDMX,1,Samsung,S25,256 GB,1,2,1,0,1,20,Samsung
4,Ciencia de Datos,1,CDMX,1,Xiaomi,POCO F5 PRO,512 GB,0,3,1,1,0,20,Xiaomi
5,Ciencia de Datos,1,CDMX,1,Apple,iphone 11,128 GB,1,4,1,1,0,21,Apple
4,Ciencia de Datos,0,Estado de Mï¿½xico,1,Apple,iphone 16,128 GB,0,3,1,0,0,22,Apple
4,Ingenierï¿½a en Sistemas,1,Estado de Mï¿½xico,1,Samsung,A56,128 GB,0,2,1,1,0,19,Samsung
4,Ciencia de Datos,1,Estado de Mï¿½xico,1,Apple,iphone 13,128 GB,1,4,1,1,0,19,Apple
4,Ingenierï¿½a en Sistemas,1,Estado de Mï¿½xico,1,Vivo,V30 lite,256 GB,0,2,1,0,0,19,Samsung
8,Ingenierï¿½a en Sistemas,1,CDMX,1,Samsung,M55,128 GB,0,3,1,1,0,21,Samsung
3,Ciencia de Datos,0,CDMX,1,Apple,iPhone 13 Pro,128 GB,1,3,0,1,0,20,Apple
5,Ingenierï¿½a en Sistemas,1,CDMX,0,Apple,iPhone 15 pro Max ,512 GB,1,3,1,1,1,21,Apple
3,Ingenierï¿½a en Sistemas,1,CDMX,1,Samsung,Z flip 6,256 GB,0,1,0,1,0,20,Huawei
4,Ciencia de Datos,1,CDMX,1,Xiaomi,Redmi 10 pro,128 GB,0,5,1,1,1,21,Samsung
4,Inteligencia Artificial,1,Estado de Mï¿½xico,1,Apple,IPhone 13,256 GB,0,4,1,1,0,19,Apple
4,Inteligencia Artificial,1,CDMX,1,Apple,iPhone SE 2022,64 GB,1,1,0,1,0,19,Apple
4,Ingenierï¿½a en Sistemas,1,CDMX,0,Samsung,S21 FE 5g,256 GB,0,5,1,1,0,19,Samsung
4,Ciencia de Datos,1,CDMX,1,Motorola,moto g56 5G,256 GB,1,1,1,1,0,19,Samsung
4,Ciencia de Datos,1,Guerrero,1,Apple,iPhone 14 ,128 GB,0,2,0,1,0,19,Apple
5,Ciencia de Datos,1,CDMX,1,Samsung,A35 5G,128 GB,0,4,1,1,0,20,Samsung
3,Ingenierï¿½a en Sistemas,0,CDMX,0,Xiaomi,Redmi note 12s,256 GB,1,4,1,1,1,22,Apple
5,Inteligencia Artificial,0,Estado de Mï¿½xico,1,Motorola,moto g05,32 GB,1,3,1,0,0,22,Motorola
7,Ingenierï¿½a en Sistemas,0,Oaxaca,1,Samsung,Z Flip 6,512 GB,0,2,1,1,1,23,Samsung
4,Ingenierï¿½a en Sistemas,1,CDMX,0,Samsung,S24 Ultra,256 GB,1,3,1,1,0,19,Samsung
6,Ciencia de Datos,1,CDMX,1,Samsung,S23 Ultra,256 GB,1,4,1,1,0,22,Samsung
4,Ingenierï¿½a en Sistemas,0,Estado de Mï¿½xico,1,Samsung,a32,128 GB,1,5,1,1,0,19,Samsung
2,Ingenierï¿½a en Sistemas,1,CDMX,1,Honor,Honor Xc8,512 GB,1,2,1,1,0,18,Apple
6,Inteligencia Artificial,0,CDMX,0,Samsung,S24,128 GB,1,2,1,0,1,24 o mï¿½s,Apple
5,Ingenierï¿½a en Sistemas,0,Estado de Mï¿½xico,1,Otra,iPhone 13 ,128 GB,1,3,1,0,1,20,Oppo
5,Ingenierï¿½a en Sistemas,0,Estado de Mï¿½xico,1,Motorola,Moto g53,128 GB,1,3,1,1,1,22,Apple
6,Ciencia de Datos,1,Estado de Mï¿½xico,1,Asus,S25 Ultra,512 GB,0,2,1,1,0,21,Samsung
4,Ciencia de Datos,0,Hidalgo,1,Samsung,Samsung Galaxy S24 FE,256 GB,0,2,1,1,0,21,Samsung
8,Ingenierï¿½a en Sistemas,1,CDMX,1,Google Pixel,Pixel 9,128 GB,1,3,1,1,1,24 o mï¿½s,Apple
7,Ciencia de Datos,1,CDMX,1,Apple,iPhone 14,128 GB,0,3,1,0,0,22,Apple
4,Ingenierï¿½a en Sistemas,1,CDMX,0,Samsung,S24 ULTRA ,1 TB,1,2,1,1,1,24 o mï¿½s,Samsung
4,Ingenierï¿½a en Sistemas,1,CDMX,0,Samsung,A56,256 GB,0,2,1,0,0,19,Samsung
2,Ciencia de Datos,1,Estado de Mï¿½xico,1,Apple,iPhone 16,64 GB,0,1,1,0,0,20,Apple
2,Ingenierï¿½a en Sistemas,0,CDMX,1,Oppo,Reno 7,128 GB,1,5,1,0,0,18,Samsung
1,Ingenierï¿½a en Sistemas,1,CDMX,1,Xiaomi,MP4 OPPO,128 GB,1,5,1,0,0,18,Samsung
4,Ingenierï¿½a en Sistemas,1,Estado de Mï¿½xico,1,Realme,RMX3491,128 GB,1,5,1,1,0,19,Realme
4,Ingenierï¿½a en Sistemas,1,Estado de Mï¿½xico,1,Huawei,Nova 13,512 GB,0,1,1,1,0,19,Samsung
1,Ciencia de Datos,0,CDMX,1,Realme,Realme 12+ 5G,256 GB,0,2,1,1,1,21,Samsung
6,Ciencia de Datos,0,CDMX,1,Samsung,A54,256 GB,0,4,1,0,1,23,Samsung
4,Ingenierï¿½a en Sistemas,0,Estado de Mï¿½xico,0,Google Pixel,6,128 GB,0,5,0,1,1,20,Samsung
4,Ingenierï¿½a en Sistemas,1,Estado de Mï¿½xico,1,Xiaomi,Note S10,128 GB,1,5,1,1,0,20,Samsung
4,Ingenierï¿½a en Sistemas,1,CDMX,1,Samsung,S24fe,256 GB,1,3,1,1,0,22,Samsung
3,Ciencia de Datos,0,CDMX,1,Xiaomi,Xiaomi redmi note 11 pro,256 GB,0,3,1,1,0,20,Xiaomi
3,Ciencia de Datos,0,CDMX,0,Xiaomi,Xiaomi 14,256 GB,1,2,1,1,1,21,Xiaomi
2,Ciencia de Datos,0,Estado de Mï¿½xico,1,Apple,iPhone 14 ,128 GB,1,2,1,0,1,18,Apple
5,Ciencia de Datos,1,CDMX,1,Xiaomi,REDMI A5,64 GB,1,2,1,1,1,24 o mï¿½s,Apple
2,Ingenierï¿½a en Sistemas,0,CDMX,1,Samsung,,128 GB,1,2,1,1,0,21,Apple
3,Ingenierï¿½a en Sistemas,0,Estado de Mï¿½xico,1,Honor,X8A,128 GB,1,3,1,1,0,24 o mï¿½s,Samsung
2,Ingenierï¿½a en Sistemas,0,Veracruz,1,Apple,Iphone 16,128 GB,0,2,1,1,0,20,Apple
2,Ingenierï¿½a en Sistemas,1,CDMX,1,Xiaomi,Note 12s,256 GB,0,3,1,1,0,18,Samsung
2,Ingenierï¿½a en Sistemas,0,Estado de Mï¿½xico,1,Samsung,Samsung s23 fe,256 GB,0,2,1,1,1,19,Samsung
3,Ingenierï¿½a en Sistemas,0,CDMX,1,Apple,iPhone 15 pro ,128 GB,1,3,1,1,1,19,Apple
3,Ingenierï¿½a en Sistemas,0,Estado de Mï¿½xico,1,Oppo,A58,128 GB,0,3,1,1,0,20,Oppo
2,Ingenierï¿½a en Sistemas,0,Estado de Mï¿½xico,1,Xiaomi,Redmi note 13 pro,128 GB,0,2,1,1,0,18,Xiaomi
2,Ingenierï¿½a en Sistemas,0,CDMX,1,Oppo,G7,512 GB,1,2,1,0,1,18,Honor
4,Ingenierï¿½a en Sistemas,0,Estado de Mï¿½xico,1,Apple,iPhone 16 Pro,512 GB,1,2,1,1,1,20,Samsung
3,Ingenierï¿½a en Sistemas,0,CDMX,1,Xiaomi,Poco c65,256 GB,0,3,1,0,0,21,Samsung
3,Ingenierï¿½a en Sistemas,0,CDMX,1,Motorola,EDGE 60 PLUS,128 GB,1,1,1,1,1,21,Samsung
3,Ingenierï¿½a en Sistemas,0,CDMX,1,Samsung,Samsung  A15,128 GB,1,3,1,0,0,20,Samsung
2,Ingenierï¿½a en Sistemas,0,Nuevo Leï¿½n,1,Apple,iPhone 12,64 GB,1,5,1,0,1,18,Samsung
2,Ingenierï¿½a en Sistemas,1,Estado de Mï¿½xico,1,Xiaomi,Redmi note 12 pro,128 GB,0,4,1,1,0,20,Huawei
2,Ingenierï¿½a en Sistemas,0,Estado de Mï¿½xico,0,Apple,iPhone 17,256 GB,1,1,1,0,0,18,Apple
3,Ingenierï¿½a en Sistemas,0,CDMX,1,Samsung,Galaxy A03s,64 GB,1,5,1,1,0,21,Oppo
2,Ingenierï¿½a en Sistemas,0,Estado de Mï¿½xico,1,Apple,iPhone 17,256 GB,0,1,1,1,1,21,Apple
2,Ingenierï¿½a en Sistemas,0,CDMX,1,ZTE,Nubia Neo 2 G5,256 GB,0,3,1,1,1,21,ZTE
2,Ingenierï¿½a en Sistemas,0,Puebla,1,Samsung,A55 5G,256 GB,1,5,1,1,0,18,Samsung
2,Ingenierï¿½a en Sistemas,0,Extranjero,1,Samsung,Redmi Note 14 pro ,256 GB,1,1,1,1,1,24 o mï¿½s,Samsung
7,Ciencia de Datos,0,CDMX,1,Huawei,Nova 13Pro,512 GB,1,2,1,0,0,21,Samsung
8,Ciencia de Datos,1,CDMX,1,Apple,iPhone Air,512 GB,1,1,1,1,1,24 o mï¿½s,Apple
7,Ciencia de Datos,0,Estado de Mï¿½xico,1,Motorola,Edge 20,64 GB,1,4,1,1,0,21,Apple
3,Ciencia de Datos,0,CDMX,0,Apple,iphone 14 pro,128 GB,0,2,0,1,1,21,Apple
6,Ciencia de Datos,1,CDMX,1,Motorola,moto g54 5G,128 GB,1,3,0,0,0,24 o mï¿½s,Motorola
8,Ciencia de Datos,1,Estado de Mï¿½xico,1,Xiaomi,Poco F5 Pro,512 GB,1,4,1,1,1,24 o mï¿½s,Samsung
6,Ciencia de Datos,0,Estado de Mï¿½xico,1,Samsung,S23 Ultra,256 GB,0,3,1,1,0,22,Samsung
3,Ingenierï¿½a en Sistemas,0,CDMX,1,Samsung,S26 ULTRA ,512 GB,0,1,1,1,0,19,Samsung
4,Ciencia de Datos,1,Puebla,1,Samsung,A55,128 GB,1,3,1,0,0,20,Samsung
6,Ciencia de Datos,1,Estado de Mï¿½xico,1,Honor,X6,128 GB,1,3,1,1,0,20,Google Pixel
6,Ingenierï¿½a en Sistemas,1,CDMX,1,Xiaomi,POCO X6 PRO 5G,512 GB,0,3,1,1,1,24 o mï¿½s,Samsung
5,Ciencia de Datos,1,Estado de Mï¿½xico,1,Samsung,S25 ultra,1 TB,1,1,1,0,0,24 o mï¿½s,Samsung
7,Inteligencia Artificial,1,CDMX,1,Xiaomi,Redmi Note 13 Pro,256 GB,1,2,1,1,0,24 o mï¿½s,Samsung
4,Ciencia de Datos,1,CDMX,1,Xiaomi,Redmi Note 11,128 GB,1,5,1,1,0,19,Samsung
1,Ciencia de Datos,0,Estado de Mï¿½xico,1,Apple,iPhone 11,64 GB,0,2,0,1,0,24 o mï¿½s,Apple
7,Ciencia de Datos,1,CDMX,0,Otra,Nothing Phone 3a,256 GB,0,2,1,1,0,24 o mï¿½s,Otra
4,Ingenierï¿½a en Sistemas,0,CDMX,1,Samsung,A54,256 GB,0,3,1,1,0,20,Samsung
5,Ciencia de Datos,1,CDMX,0,Motorola,g13,128 GB,1,5,1,0,1,20,Otra
5,Ingenierï¿½a en Sistemas,0,Estado de Mï¿½xico,1,Google Pixel,Pixel 7,128 GB,0,1,1,1,1,24 o mï¿½s,Google Pixel
5,Ciencia de Datos,1,Estado de Mï¿½xico,1,Motorola,Edge 40 Neo,256 GB,1,4,1,0,0,21,Motorola
5,Ingenierï¿½a en Sistemas,0,Guerrero,1,Samsung,Galaxy S25 Ultra,1 TB,0,1,1,0,0,21,Samsung
1,Inteligencia Artificial,1,CDMX,1,Apple,iphone17,256 GB,1,1,1,1,1,18,Apple
1,Ingenierï¿½a en Sistemas,1,CDMX,1,Samsung,SM-A037M,64 GB,1,5,1,1,0,18,Samsung
1,Ingenierï¿½a en Sistemas,1,CDMX,1,Samsung,A56 5G,256 GB,1,1,1,0,0,20,Samsung
1,Ingenierï¿½a en Sistemas,1,CDMX,0,Motorola,Moto G55,256 GB,1,3,1,0,0,18,Motorola
1,Ingenierï¿½a en Sistemas,1,CDMX,1,Motorola,Motorola edge 40 pro,256 GB,1,3,1,1,0,19,Asus
1,Ciencia de Datos,1,CDMX,1,Huawei,Huawei P60 Pro,256 GB,1,4,1,1,1,23,Huawei
1,Ciencia de Datos,1,CDMX,1,Apple,iPhone 16,128 GB,1,2,1,1,1,22,Apple
1,Ciencia de Datos,1,Estado de Mï¿½xico,1,Samsung,A54,256 GB,1,2,1,1,1,19,Apple
1,Ciencia de Datos,1,Estado de Mï¿½xico,0,Apple,iPhone 11,64 GB,1,1,0,0,0,20,Apple
1,Ingenierï¿½a en Sistemas,1,Morelos,1,Samsung,Galaxy A52,128 GB,1,4,0,0,0,18,Samsung
2,Ingenierï¿½a en Sistemas,1,CDMX,1,Motorola,G24,32 GB,0,2,0,1,0,22,Google Pixel
1,Ingenierï¿½a en Sistemas,1,Estado de Mï¿½xico,1,Apple,iPhone 14,128 GB,1,4,1,1,0,20,Samsung
4,Ciencia de Datos,1,CDMX,0,Samsung,S24 FE,256 GB,1,2,1,0,0,19,Samsung
1,Inteligencia Artificial,1,CDMX,1,Apple,IPhone 11,64 GB,1,4,1,1,0,19,Apple
1,Inteligencia Artificial,0,CDMX,1,Otra,Poco M5S,256 GB,0,1,1,1,0,22,Motorola
1,Ciencia de Datos,1,CDMX,0,Samsung,galaxy 10,64 GB,0,5,1,1,1,24 o mï¿½s,Samsung
1,Inteligencia Artificial,1,CDMX,1,Motorola,Motorola G57,256 GB,0,3,1,1,0,20,Xiaomi
1,Inteligencia Artificial,1,Estado de Mï¿½xico,0,Samsung,Galaxy A56,256 GB,1,1,1,0,0,18,Samsung
1,Ciencia de Datos,1,Oaxaca,0,Apple,iPhone 13 pro max,256 GB,1,3,1,1,0,19,Apple
3,Ciencia de Datos,1,CDMX,1,Apple,IPhone 16,256 GB,0,2,1,0,1,23,Apple
2,Ciencia de Datos,1,CDMX,1,Oppo,Oppo reno lite 2,64 GB,1,5,1,1,0,18,Apple
4,Ciencia de Datos,1,CDMX,1,Apple,iphone 15 pro,256 GB,1,1,1,1,0,21,Apple
3,Ciencia de Datos,0,Estado de Mï¿½xico,1,Apple,iphone 15 pro max ,256 GB,1,3,1,0,0,20,Apple
4,Inteligencia Artificial,1,Estado de Mï¿½xico,1,Apple,iphone 14 pro,128 GB,0,5,0,1,0,19,Apple
1,Inteligencia Artificial,1,CDMX,1,Oppo,Oppo A78,256 GB,1,3,1,1,0,18,Google Pixel
2,Inteligencia Artificial,1,CDMX,1,Samsung,A54,256 GB,1,3,1,1,0,18,Samsung
3,Ciencia de Datos,1,CDMX,1,Apple,16 pro Max,1 TB,1,2,1,1,0,20,Apple
2,Ciencia de Datos,1,Estado de Mï¿½xico,1,Apple,Iphone 12,64 GB,0,1,0,1,1,19,Apple
2,Ciencia de Datos,0,Guerrero,1,Apple,iPhone 13,128 GB,1,3,1,1,0,19,Apple
3,Ciencia de Datos,0,Estado de Mï¿½xico,1,Xiaomi,Poco X7 5G,256 GB,0,3,1,1,0,20,Samsung
2,Ciencia de Datos,1,CDMX,1,Xiaomi,Poco X5,128 GB,1,4,1,1,0,18,Apple
2,Ciencia de Datos,0,CDMX,1,Apple,iphone 13,128 GB,0,2,1,0,0,19,Apple
2,Ciencia de Datos,1,CDMX,0,Apple,iPhone 15,128 GB,1,3,1,0,0,18,Apple
2,Ciencia de Datos,0,Estado de Mï¿½xico,1,Xiaomi,POCO X9 pro,512 GB,1,1,1,1,0,19,Google Pixel
2,Ciencia de Datos,1,CDMX,1,Samsung,M53,128 GB,0,3,1,1,1,19,Otra
2,Ciencia de Datos,1,Estado de Mï¿½xico,1,Samsung,S23 Ultra ,256 GB,1,4,1,1,0,18,Apple
3,Ingenierï¿½a en Sistemas,0,CDMX,0,Realme,,256 GB,0,4,1,0,1,19,Samsung
2,Ciencia de Datos,0,Estado de Mï¿½xico,1,Honor,Honor x8b,512 GB,0,2,1,1,0,18,Sony
2,Ciencia de Datos,0,CDMX,1,Samsung,A06,64 GB,1,1,1,1,1,19,Samsung
2,Ciencia de Datos,0,Estado de Mï¿½xico,1,Apple,iPhone 14,128 GB,0,3,1,0,0,18,Apple
4,Ciencia de Datos,0,CDMX,1,Samsung,S22,256 GB,0,2,0,1,1,24 o mï¿½s,Samsung
2,Ciencia de Datos,1,Aguascalientes,1,ZTE,Blade A54,128 GB,1,2,0,0,0,19,Samsung
2,Ciencia de Datos,1,CDMX,1,Huawei,Mate pad 11.5,64 GB,0,1,1,0,0,18,Samsung
2,Ciencia de Datos,1,Estado de Mï¿½xico,1,Apple,iPhone 17 pro Max ,256 GB,1,1,1,0,0,18,Apple
2,Ciencia de Datos,0,Estado de Mï¿½xico,0,Apple,iphone 17,256 GB,1,1,1,0,0,18,Apple
8,Ingenierï¿½a en Sistemas,0,Estado de Mï¿½xico,1,Apple,Iphone 11,128 GB,0,5,0,1,0,22,Apple
2,Ciencia de Datos,1,CDMX,1,Xiaomi,Redmi Note 12,128 GB,1,5,1,1,0,18,Huawei
2,Ciencia de Datos,0,CDMX,1,Samsung,Samsung Galaxy A35,128 GB,1,5,0,1,0,19,Apple
2,Ciencia de Datos,1,CDMX,1,Xiaomi,Redmi Note 14 Pro,256 GB,1,1,1,1,0,18,Nokia
2,Ciencia de Datos,1,Guerrero,1,Samsung,S25 ,256 GB,0,1,1,1,1,20,Samsung
6,Ingenierï¿½a en Sistemas,1,CDMX,1,Xiaomi,Redmi note 11 pro,32 GB,0,5,0,0,0,20,Apple
7,Ingenierï¿½a en Sistemas,1,CDMX,1,Samsung,S23 Ultra,512 GB,1,4,1,1,1,24 o mï¿½s,Samsung
1,Inteligencia Artificial,1,CDMX,0,Apple,iPhone 16,128 GB,1,1,1,1,1,18,Apple
2,Inteligencia Artificial,1,CDMX,1,Apple,iphone 17 pro max,256 GB,0,1,1,1,0,18,Apple
4,Inteligencia Artificial,0,Estado de Mï¿½xico,0,Honor,Honor 50,128 GB,1,1,1,1,1,22,Samsung
2,Inteligencia Artificial,1,Estado de Mï¿½xico,1,Apple,iPhone 12 ,64 GB,0,4,1,1,1,23,Apple
2,Inteligencia Artificial,1,Estado de Mï¿½xico,1,Samsung,Galaxy Note 9,128 GB,1,5,0,1,0,18,Samsung
3,Inteligencia Artificial,0,CDMX,1,Motorola,G42,32 GB,1,3,1,0,1,21,Realme
3,Inteligencia Artificial,1,CDMX,1,Xiaomi,Redmi Note 12s,64 GB,0,4,0,0,0,20,Samsung
3,Inteligencia Artificial,0,CDMX,1,Apple,IPhone 14,256 GB,1,3,1,1,0,19,Apple
2,Inteligencia Artificial,0,Estado de Mï¿½xico,1,Apple,Iphone 16 Pro,512 GB,1,1,1,1,0,19,Apple
2,Inteligencia Artificial,1,CDMX,0,Apple,iPhone 16,1 TB,1,1,1,1,0,18,Apple
2,Inteligencia Artificial,0,CDMX,1,Otra,Poco,256 GB,0,1,1,1,0,18,Oppo
2,Inteligencia Artificial,0,Estado de Mï¿½xico,1,Honor,Honor Magic 8 lite,512 GB,0,1,1,1,1,22,Honor
2,Inteligencia Artificial,0,Estado de Mï¿½xico,1,Honor,Honor X6C,256 GB,0,1,1,1,1,19,Samsung
3,Inteligencia Artificial,0,CDMX,1,Motorola,Moto g15,256 GB,1,3,1,1,0,20,Motorola
3,Ciencia de Datos,0,CDMX,1,Xiaomi,Redmi note 14 ,128 GB,1,1,1,0,1,19,Xiaomi
2,Inteligencia Artificial,1,CDMX,1,Otra,POCO,256 GB,0,1,1,1,0,19,Samsung
2,Inteligencia Artificial,1,CDMX,1,Samsung,Samsumg galaxy,512 GB,0,3,1,1,0,18,Samsung
2,Inteligencia Artificial,0,CDMX,1,Oppo,Oppo reno 12,256 GB,1,2,1,1,0,19,Apple
2,Inteligencia Artificial,0,CDMX,1,Samsung,S24,128 GB,1,1,1,0,0,21,Otra
3,Inteligencia Artificial,0,Estado de Mï¿½xico,1,Apple,iPhone 15 Pro Max,256 GB,0,3,1,1,1,21,Apple
2,Inteligencia Artificial,1,CDMX,1,Apple,11 Pro,256 GB,0,5,0,1,0,18,Apple
3,Inteligencia Artificial,0,Estado de Mï¿½xico,1,Otra,Poco M7 pro,256 GB,0,2,1,1,1,19,Xiaomi
2,Inteligencia Artificial,1,CDMX,1,Apple,iPhone 16 pro,256 GB,1,2,1,1,0,20,Apple
2,Inteligencia Artificial,0,Estado de Mï¿½xico,1,Samsung,Galaxy A55,128 GB,0,3,1,1,0,19,Apple
2,Inteligencia Artificial,0,CDMX,1,Honor,Honor magic 5 lite,256 GB,1,3,1,1,0,19,Samsung
2,Inteligencia Artificial,0,Estado de Mï¿½xico,1,Samsung,S20+,128 GB,1,5,0,1,1,20,Samsung
2,Inteligencia Artificial,0,CDMX,1,Samsung,A50,128 GB,0,5,0,1,0,18,Samsung
8,Ingenierï¿½a en Sistemas,1,Estado de Mï¿½xico,1,Oppo,A15,32 GB,0,5,1,1,0,22,Google Pixel
2,Ingenierï¿½a en Sistemas,0,CDMX,1,Apple,iPhone 14,256 GB,1,1,0,1,1,19,Apple
3,Ingenierï¿½a en Sistemas,0,Estado de Mï¿½xico,1,Honor,x8A,128 GB,1,3,1,1,0,24 o mï¿½s,Samsung
2,Ingenierï¿½a en Sistemas,1,CDMX,1,Apple,Iphone 11,64 GB,1,3,0,1,0,20,Samsung
5,Ingenierï¿½a en Sistemas,0,Estado de Mï¿½xico,1,Apple,iPhone XR,64 GB,1,4,0,1,0,22,Apple
2,Ingenierï¿½a en Sistemas,0,CDMX,1,Apple,iPhone 17 pro max ,256 GB,1,1,1,1,0,21,Apple
3,Ingenierï¿½a en Sistemas,0,Tlaxcala,1,Samsung,S24 Ultra,256 GB,0,3,1,1,0,20,Samsung
2,Ingenierï¿½a en Sistemas,0,CDMX,1,Apple,iPhone 11,64 GB,1,5,1,1,1,22,Apple
4,Ingenierï¿½a en Sistemas,0,CDMX,1,Apple,iPhone 15 ,256 GB,0,3,1,1,0,19,Apple
2,Ingenierï¿½a en Sistemas,0,Estado de Mï¿½xico,1,Xiaomi,Rendmi 9A,64 GB,0,4,1,1,1,18,Apple
2,Ingenierï¿½a en Sistemas,0,CDMX,1,Motorola,Motorola G34,256 GB,1,3,0,1,0,18,Apple
2,Ingenierï¿½a en Sistemas,0,Estado de Mï¿½xico,1,Realme,Poco m5s,256 GB,0,3,0,1,1,21,Apple
2,Ingenierï¿½a en Sistemas,1,Estado de Mï¿½xico,0,Oppo,A56,128 GB,0,3,1,1,0,18,Otra
2,Ingenierï¿½a en Sistemas,0,Estado de Mï¿½xico,0,Honor,HONOR 400 LITE,256 GB,0,1,1,1,0,19,Samsung
2,Ingenierï¿½a en Sistemas,1,Estado de Mï¿½xico,1,Huawei,POCO,128 GB,0,5,0,1,0,18,Google Pixel
2,Ingenierï¿½a en Sistemas,0,CDMX,1,Honor,Honor X6b,128 GB,1,1,1,1,0,18,Honor
2,Ingenierï¿½a en Sistemas,0,Estado de Mï¿½xico,1,Oppo,Oppo reno 12 5g,512 GB,1,2,1,1,0,19,Oppo
2,Ingenierï¿½a en Sistemas,0,Estado de Mï¿½xico,1,Apple,iPhone 11,64 GB,1,4,0,1,0,18,Apple
2,Ingenierï¿½a en Sistemas,0,Estado de Mï¿½xico,1,Apple,iPhone 16,256 GB,1,4,1,1,1,18,Apple
2,Ingenierï¿½a en Sistemas,0,CDMX,1,Samsung,Galaxy S24+,256 GB,0,3,1,0,1,21,Samsung
2,Ingenierï¿½a en Sistemas,0,CDMX,1,Samsung,S24,128 GB,0,4,1,1,0,19,Samsung
3,Ingenierï¿½a en Sistemas,0,CDMX,1,Motorola,Moto edge 50 fusion ,256 GB,1,3,1,1,1,19,Apple
3,Ingenierï¿½a en Sistemas,1,CDMX,0,Otra,VI65PB1401NA,64 GB,1,2,0,0,0,19,Samsung
2,Ingenierï¿½a en Sistemas,0,Estado de Mï¿½xico,1,Apple,iPhone 15,128 GB,0,2,0,1,0,18,Apple
3,Ingenierï¿½a en Sistemas,1,CDMX,1,Otra,RMO-NX3,256 GB,0,3,1,0,0,19,Samsung
1,Ciencia de Datos,1,CDMX,1,Xiaomi,De ayer ,32 GB,1,1,1,1,1,17,Apple
2,Inteligencia Artificial,1,Estado de Mï¿½xico,0,Realme,Realme 12 5G +,128 GB,1,1,1,1,1,22,Apple
2,Inteligencia Artificial,0,Estado de Mï¿½xico,1,Oppo,CPH2175,32 GB,1,5,0,1,0,19,Oppo
2,Inteligencia Artificial,1,Estado de Mï¿½xico,1,Honor,Magic6 Lite 5G ,256 GB,1,2,1,1,0,19,Motorola
4,Ciencia de Datos,1,CDMX,1,Apple,Iphone14PRO,128 GB,1,3,1,1,0,19,Apple
2,Inteligencia Artificial,0,CDMX,1,Xiaomi,Redmi note 11,128 GB,1,5,1,0,1,18,Samsung
4,Ingenierï¿½a en Sistemas,0,CDMX,1,Samsung,S25,256 GB,1,2,1,0,0,20,Samsung
6,Ingenierï¿½a en Sistemas,1,CDMX,1,Honor,Honor 300,256 GB,0,2,1,1,1,23,Apple
8,Ingenierï¿½a en Sistemas,0,Estado de Mï¿½xico,1,Otra,Nothing Phone,256 GB,0,1,1,1,1,22,Google Pixel
4,Ciencia de Datos,1,CDMX,1,Samsung,S23FE,64 GB,1,3,1,1,0,20,Samsung
3,Ingenierï¿½a en Sistemas,0,Estado de Mï¿½xico,1,Apple,iphone 14 ,128 GB,0,2,1,0,0,19,Apple
3,Ingenierï¿½a en Sistemas,1,CDMX,1,Apple,Iphone 16,128 GB,1,2,1,1,0,19,Apple
7,Inteligencia Artificial,1,Estado de Mï¿½xico,1,Samsung,Galaxy A52,128 GB,1,5,1,0,1,21,Samsung
4,Ciencia de Datos,1,CDMX,0,Xiaomi,Redmi 13 pro,128 GB,0,3,1,0,0,19,Xiaomi
8,Ingenierï¿½a en Sistemas,1,CDMX,1,Apple,iPhone 13,128 GB,1,3,1,1,1,21,Google Pixel
3,Ciencia de Datos,0,Estado de Mï¿½xico,1,Xiaomi,Poco X5 Pro 5G,256 GB,1,4,1,1,0,21,Otra
3,Ciencia de Datos,0,Estado de Mï¿½xico,1,Xiaomi,Redmi,128 GB,0,3,0,1,0,22,Samsung
7,Ingenierï¿½a en Sistemas,1,CDMX,1,Samsung,S24 ultra,128 GB,1,2,1,1,0,21,Samsung
5,Ciencia de Datos,0,CDMX,1,Apple,15 pro max,256 GB,1,2,0,1,1,21,Apple
6,Ingenierï¿½a en Sistemas,0,CDMX,1,Samsung,A54,128 GB,0,3,1,1,0,21,Samsung
6,Ingenierï¿½a en Sistemas,1,Estado de Mï¿½xico,1,Apple,iphone 14 pro max,256 GB,1,4,1,0,0,20,Apple
6,Ciencia de Datos,1,Estado de Mï¿½xico,0,Samsung,S24 ultra,256 GB,0,3,1,1,1,21,Apple
6,Ciencia de Datos,1,CDMX,1,Samsung,S24,128 GB,1,2,1,1,1,24 o mï¿½s,Samsung
8,Ingenierï¿½a en Sistemas,1,CDMX,1,Samsung,Galaxy S23 FE,128 GB,0,3,1,1,1,22,Samsung
2,Inteligencia Artificial,1,CDMX,0,Motorola,4,128 GB,1,3,0,1,0,18,Motorola
8,Ingenierï¿½a en Sistemas,1,Estado de Mï¿½xico,1,Samsung,Galaxy A56,128 GB,1,2,1,1,1,24 o mï¿½s,Samsung
7,Ciencia de Datos,1,Estado de Mï¿½xico,1,Apple,iPhone 17,256 GB,1,1,1,1,1,21,Apple
2,Inteligencia Artificial,1,Extranjero,1,Samsung,Galaxy s25 FE,128 GB,0,1,1,1,1,19,Samsung
8,Ingenierï¿½a en Sistemas,1,Tlaxcala,1,Samsung,S25,256 GB,1,3,1,1,1,24 o mï¿½s,Samsung
8,Ingenierï¿½a en Sistemas,1,CDMX,1,Samsung,S20+,64 GB,1,3,0,0,1,24 o mï¿½s,Samsung
6,Inteligencia Artificial,1,Estado de Mï¿½xico,1,Xiaomi,G4,64 GB,1,2,1,1,0,23,Xiaomi
3,Inteligencia Artificial,0,Estado de Mï¿½xico,1,Xiaomi,RedmiNote12Pro5G,256 GB,0,4,1,1,0,19,Xiaomi
8,Ingenierï¿½a en Sistemas,0,CDMX,0,Xiaomi,Poco F7,512 GB,1,1,1,1,0,23,Samsung
3,Inteligencia Artificial,1,CDMX,1,Xiaomi,Redmi 14C,256 GB,0,2,1,0,0,20,Xiaomi
7,Ingenierï¿½a en Sistemas,1,CDMX,1,Apple,15 pro Max ,256 GB,0,3,1,1,1,22,Apple
4,Ingenierï¿½a en Sistemas,1,Estado de Mï¿½xico,1,ZTE,BLADE,128 GB,1,3,0,1,0,19,Xiaomi
7,Ingenierï¿½a en Sistemas,1,CDMX,1,Xiaomi,Poco x7,512 GB,1,1,1,0,0,23,Samsung
3,Inteligencia Artificial,1,Estado de Mï¿½xico,1,Otra,Nothing phone ,32 GB,1,1,0,1,0,19,Otra
7,Ingenierï¿½a en Sistemas,1,CDMX,1,Motorola,g15,128 GB,1,4,0,0,0,21,Honor
3,Inteligencia Artificial,1,CDMX,1,Xiaomi,Poco m5s,256 GB,0,5,1,1,0,19,Samsung
5,Ingenierï¿½a en Sistemas,1,CDMX,1,Apple,iPhone 16e,128 GB,0,1,1,0,0,22,Apple
8,Ingenierï¿½a en Sistemas,1,Zacatecas,1,Apple,iPhone 16 pro max,256 GB,1,2,1,1,0,22,Apple
5,Ingenierï¿½a en Sistemas,1,Estado de Mï¿½xico,0,Samsung,A35,64 GB,1,3,1,0,1,20,Samsung
5,Ingenierï¿½a en Sistemas,0,CDMX,1,Samsung,S23,128 GB,1,3,1,1,0,21,Samsung
5,Ingenierï¿½a en Sistemas,0,CDMX,1,Apple,iPhone 12,64 GB,1,3,1,1,0,21,Apple
6,Inteligencia Artificial,1,CDMX,0,Otra,BV9300 pro,64 GB,1,2,1,1,0,22,Google Pixel
2,Ingenierï¿½a en Sistemas,0,CDMX,1,Apple,iPhone 14 pro Max ,128 GB,1,4,1,1,1,20,Apple
6,Inteligencia Artificial,1,CDMX,1,Apple,iPhone 16 pro max,512 GB,1,5,1,1,1,21,Apple
7,Ingenierï¿½a en Sistemas,1,Estado de Mï¿½xico,1,Samsung,A55,256 GB,0,3,1,1,1,23,Samsung
6,Ciencia de Datos,0,Estado de Mï¿½xico,1,Samsung,S24,64 GB,1,2,1,1,1,20,Apple
6,Ingenierï¿½a en Sistemas,1,CDMX,1,Apple,iPhone 13,128 GB,1,3,1,0,1,22,Apple
8,Automotriz,0,CDMX,1,Apple,iPhone 12 Pro max,128 GB,0,5,1,1,1,24 o mï¿½s,Apple
6,Inteligencia Artificial,1,Estado de Mï¿½xico,0,Xiaomi,14Tpro,512 GB,0,1,1,1,0,22,Google Pixel
3,Inteligencia Artificial,1,CDMX,1,Samsung,A,128 GB,0,1,1,1,0,19,Apple
7,Ingenierï¿½a en Sistemas,1,Estado de Mï¿½xico,1,Motorola,23,32 GB,0,4,1,0,1,22,Huawei
3,Inteligencia Artificial,0,CDMX,1,Samsung,A56,256 GB,1,1,1,1,0,19,Samsung
3,Inteligencia Artificial,0,Estado de Mï¿½xico,1,Apple,iPhone 13,128 GB,1,4,1,1,0,19,Apple
3,Ingenierï¿½a en Sistemas,0,CDMX,1,Xiaomi,Redmi 14,128 GB,1,3,1,0,0,20,Samsung
3,Ingenierï¿½a en Sistemas,1,Hidalgo,1,Apple,iphone 15 ,256 GB,1,2,1,0,0,20,Apple
7,Ingenierï¿½a en Sistemas,1,Michoacï¿½n,1,Apple,iPhone 13,64 GB,1,3,1,1,0,23,Apple
2,Ingenierï¿½a en Sistemas,0,CDMX,1,Apple,15 PM,256 GB,1,1,1,1,0,19,Samsung
5,Inteligencia Artificial,1,Estado de Mï¿½xico,1,Samsung,S24,64 GB,1,4,1,1,0,22,Samsung
4,Inteligencia Artificial,0,CDMX,1,Apple,iPhone 14,128 GB,1,2,1,0,0,20,Apple
4,Ingenierï¿½a en Sistemas,0,CDMX,1,Apple,iPhone 16 pro Max ,128 GB,1,2,1,0,0,21,Apple
6,Ingenierï¿½a en Sistemas,1,CDMX,1,Samsung,A07,128 GB,0,1,1,0,0,20,Apple
5,Ingenierï¿½a en Sistemas,1,CDMX,1,Apple,iPhone 14,128 GB,1,1,0,1,0,20,Apple
4,Ingenierï¿½a en Sistemas,1,Estado de Mï¿½xico,1,Apple,iPhone 15 pro,256 GB,0,1,1,0,0,21,Apple
2,Ingenierï¿½a en Sistemas,0,CDMX,1,Samsung,A16,128 GB,1,2,1,1,1,20,Samsung
2,Ingenierï¿½a en Sistemas,0,CDMX,1,Apple,IPhone 12,128 GB,1,3,1,1,1,22,Samsung
7,Ingenierï¿½a en Sistemas,1,CDMX,0,Apple,iPhone 12,128 GB,0,3,1,1,0,21,Apple
5,Ingenierï¿½a en Sistemas,1,Estado de Mï¿½xico,1,Apple,iphone XR,64 GB,0,4,0,1,0,20,Apple
8,Ingenierï¿½a en Sistemas,1,CDMX,1,Otra,Infinix,256 GB,1,2,0,1,1,21,Asus
5,Ingenierï¿½a en Sistemas,0,Guerrero,1,Apple,iPhone 14 pro,128 GB,1,3,1,1,0,22,Apple
2,Inteligencia Artificial,0,Extranjero,1,Samsung,S24 ultra,256 GB,1,2,1,1,0,19,Samsung
3,Ingenierï¿½a en Sistemas,0,CDMX,1,Apple,Iphone17,256 GB,1,1,1,1,1,20,Google Pixel
6,Ingenierï¿½a en Sistemas,1,Estado de Mï¿½xico,1,Xiaomi,Poco x7 pro,256 GB,0,2,1,1,1,20,Xiaomi
8,Ingenierï¿½a en Sistemas,1,Estado de Mï¿½xico,1,Otra,Nothing Phone 3,512 GB,1,2,1,1,0,24 o mï¿½s,Otra
4,Inteligencia Artificial,1,CDMX,0,Samsung,A25,128 GB,1,5,1,1,0,19,Samsung
2,Inteligencia Artificial,1,CDMX,1,Xiaomi,Redmi ,128 GB,0,3,1,1,0,19,Google Pixel
3,Ingenierï¿½a en Sistemas,0,CDMX,1,Otra,Poco x6 pro,256 GB,1,1,0,1,1,19,Xiaomi
6,Ingenierï¿½a en Sistemas,1,Estado de Mï¿½xico,1,Motorola,A33,256 GB,1,1,1,1,0,22,Motorola
5,Ingenierï¿½a en Sistemas,1,CDMX,1,Xiaomi,Poco x3,64 GB,1,4,0,1,0,22,Xiaomi
5,Ingenierï¿½a en Sistemas,0,Estado de Mï¿½xico,1,Vivo,V25,256 GB,1,1,1,1,1,22,Apple
6,Ingenierï¿½a en Sistemas,0,Estado de Mï¿½xico,1,Honor,TFY-LX3,128 GB,1,5,1,1,1,20,Honor
2,Ingenierï¿½a en Sistemas,1,Extranjero,1,Apple,iphone 15,256 GB,1,2,1,0,0,18,Apple
2,Ingenierï¿½a en Sistemas,0,Estado de Mï¿½xico,0,Samsung,Samsung a55,128 GB,1,2,1,0,0,21,Samsung
1,Ingenierï¿½a en Sistemas,1,Estado de Mï¿½xico,1,Xiaomi,Poco M6 Pro,256 GB,0,2,1,1,1,19,Samsung
4,Ingenierï¿½a en Sistemas,0,CDMX,1,Apple,iPhone 14 Pro Max ,256 GB,1,5,1,1,0,20,Apple
4,Ingenierï¿½a en Sistemas,0,CDMX,1,Oppo,Reno 12,256 GB,0,3,1,1,0,20,Apple
4,Ingenierï¿½a en Sistemas,1,CDMX,1,Xiaomi,Xiaomi 15 ultra ,512 GB,1,2,1,1,0,19,Xiaomi
4,Ingenierï¿½a en Sistemas,1,Estado de Mï¿½xico,1,Apple,iPhone 14,128 GB,1,3,1,0,0,20,Apple
5,Ingenierï¿½a en Sistemas,0,CDMX,1,Apple,iphone 12 mini,64 GB,1,2,1,1,1,20,Apple
4,Ingenierï¿½a en Sistemas,1,CDMX,1,Xiaomi,Redmi 9,64 GB,0,5,1,1,0,19,Huawei
4,Ingenierï¿½a en Sistemas,0,Estado de Mï¿½xico,1,Otra,Hot30,128 GB,0,3,1,1,0,20,Apple
4,Ingenierï¿½a en Sistemas,1,Estado de Mï¿½xico,1,Xiaomi,Poco F6,512 GB,0,3,1,1,0,19,Samsung
4,Ingenierï¿½a en Sistemas,1,CDMX,1,Honor,Honor magic 6 lite,256 GB,0,3,1,1,0,19,Samsung
5,Ingenierï¿½a en Sistemas,1,Estado de Mï¿½xico,1,Samsung,Samsung A55 5G,256 GB,1,2,1,1,1,21,Apple
4,Ingenierï¿½a en Sistemas,0,CDMX,0,Xiaomi,Note 10s,128 GB,1,4,1,1,0,24 o mï¿½s,Samsung
8,Ingenierï¿½a en Sistemas,1,Estado de Mï¿½xico,1,Apple,iPhone 15 pro,128 GB,1,3,1,1,0,23,Apple
2,Ciencia de Datos,1,Estado de Mï¿½xico,1,Motorola,Moto g50 5g,128 GB,1,5,1,1,0,18,Xiaomi
8,Ingenierï¿½a en Sistemas,1,CDMX,1,Samsung,A54 5g,256 GB,1,5,1,1,1,24 o mï¿½s,Samsung
3,Ingenierï¿½a en Sistemas,0,Estado de Mï¿½xico,1,Motorola,Motorola e32,32 GB,1,4,1,1,0,19,Samsung
3,Ciencia de Datos,0,CDMX,0,Xiaomi,POCO X7 PRO,512 GB,1,3,0,1,0,20,Xiaomi
4,Ingenierï¿½a en Sistemas,1,CDMX,0,Samsung,Galaxy A15,128 GB,0,3,1,1,1,20,Samsung
5,Inteligencia Artificial,1,Estado de Mï¿½xico,1,Oppo,Oppoa40 ,256 GB,0,2,1,0,0,18,Apple
4,Inteligencia Artificial,1,CDMX,0,Oppo,Oppo A40,256 GB,1,2,1,0,0,18,Samsung
1,Ingenierï¿½a en Sistemas,1,Estado de Mï¿½xico,1,Oppo,Oppo reno 14 f,256 GB,0,1,1,1,1,17,Apple
1,Ingenierï¿½a en Sistemas,1,Veracruz,0,Apple,iPhone 15 pro Max ,256 GB,1,1,0,1,0,17,Apple
3,Ciencia de Datos,1,CDMX,0,Oppo,Oppo Reno 10,2 TB,1,2,1,1,1,18,Apple
1,Inteligencia Artificial,1,CDMX,0,Samsung,Samsung A55,256 GB,1,3,1,0,0,18,Apple
4,Ciencia de Datos,1,CDMX,1,Oppo,Oppo reno 10 5G,256 GB,1,3,1,1,1,20,Oppo
6,Ciencia de Datos,1,Estado de Mï¿½xico,1,Google Pixel,Pixel PRO XL 10,128 GB,1,1,1,0,0,22,Samsung
6,Ciencia de Datos,0,CDMX,1,Motorola,Edge 60 Pro,256 GB,1,1,1,1,0,22,Motorola
5,Ingenierï¿½a en Sistemas,0,Estado de Mï¿½xico,0,Apple,iPhone 13,64 GB,1,3,1,0,1,21,Apple
1,Ingenierï¿½a en Sistemas,1,CDMX,1,Apple,iPhone 13 ,128 GB,1,1,0,1,0,18,Samsung
1,Ingenierï¿½a en Sistemas,1,CDMX,1,Xiaomi,Xiaomi Poco F7 ,512 GB,1,1,1,0,1,19,Apple
1,Ingenierï¿½a en Sistemas,1,Estado de Mï¿½xico,0,Xiaomi,Poco,256 GB,1,3,1,0,0,18,Xiaomi
4,Ingenierï¿½a en Sistemas,0,Estado de Mï¿½xico,1,Apple,iPhone 14 PLUS,256 GB,1,3,0,1,0,19,Apple
4,Inteligencia Artificial,1,CDMX,1,Apple,,64 GB,0,3,1,1,0,20,Apple
8,Ingenierï¿½a en Sistemas,1,CDMX,1,Apple,Iphone 15 pro max ,256 GB,1,3,1,1,1,22,Samsung
2,Ingenierï¿½a en Sistemas,0,Estado de Mï¿½xico,1,Apple,XR,64 GB,1,3,1,0,1,19,Apple
3,Ciencia de Datos,1,Sonora,1,Motorola,One ,128 GB,0,3,1,1,0,20,Motorola
3,Ingenierï¿½a en Sistemas,0,Estado de Mï¿½xico,1,Otra,Nothing Phone 2,512 GB,0,3,1,1,1,20,Samsung
3,Ingenierï¿½a en Sistemas,0,Zacatecas,1,Samsung,S24 Ultra ,256 GB,0,3,1,1,0,20,Samsung
6,Ingenierï¿½a en Sistemas,0,Estado de Mï¿½xico,1,Xiaomi,C65,256 GB,1,3,1,1,0,21,Apple
5,Ingenierï¿½a en Sistemas,1,Estado de Mï¿½xico,1,Apple,iPhone 13,128 GB,1,3,1,0,0,20,Samsung
6,Ingenierï¿½a en Sistemas,0,Estado de Mï¿½xico,1,Apple,SE ,64 GB,1,3,0,1,1,23,Xiaomi
7,Ingenierï¿½a en Sistemas,0,Estado de Mï¿½xico,1,Motorola,G41,128 GB,1,2,0,1,1,24 o mï¿½s,Otra
5,Ingenierï¿½a en Sistemas,1,CDMX,1,Xiaomi,Redmi note 11,128 GB,0,3,1,0,1,21,Samsung
3,Ingenierï¿½a en Sistemas,1,Estado de Mï¿½xico,0,Honor,X8,128 GB,1,5,1,0,0,19,Apple
6,Ingenierï¿½a en Sistemas,1,CDMX,1,Xiaomi,Xiaomi 14 Ultra,512 GB,0,2,1,1,0,21,Xiaomi
6,Ingenierï¿½a en Sistemas,1,Estado de Mï¿½xico,1,Samsung,A12,64 GB,0,3,1,1,0,20,Samsung
5,Ingenierï¿½a en Sistemas,1,CDMX,1,Samsung,Samsung A04,32 GB,0,4,1,1,0,21,Samsung
6,Ingenierï¿½a en Sistemas,1,Estado de Mï¿½xico,1,Samsung,A55,128 GB,0,3,1,1,0,20,Apple
7,Ingenierï¿½a en Sistemas,1,Estado de Mï¿½xico,1,Google Pixel,Pixel 10 pro,512 GB,0,1,1,1,1,23,Google Pixel
7,Ingenierï¿½a en Sistemas,1,Estado de Mï¿½xico,1,Samsung,A52s,128 GB,0,4,1,1,1,22,Huawei
6,Ingenierï¿½a en Sistemas,1,Estado de Mï¿½xico,1,Samsung,S25 Ultra,512 GB,0,2,1,1,0,20,Apple
4,Ciencia de Datos,1,Estado de Mï¿½xico,1,Motorola,Edge 40 Neo,128 GB,1,3,1,0,0,20,Samsung
4,Ciencia de Datos,1,Estado de Mï¿½xico,1,Samsung,A56,256 GB,0,1,1,0,0,19,Samsung
4,Ciencia de Datos,1,Chihuahua,0,Apple,iPhone 15 pro max,256 GB,0,3,1,1,1,24 o mï¿½s,ZTE
5,Ingenierï¿½a en Sistemas,1,CDMX,1,Samsung,A71,128 GB,1,5,0,1,1,21,Samsung
5,Ingenierï¿½a en Sistemas,1,Estado de Mï¿½xico,0,Huawei,Huawei ,32 GB,1,1,0,1,0,21,Huawei
3,Ingenierï¿½a en Sistemas,0,CDMX,1,Xiaomi,Poco F7,512 GB,1,2,1,1,0,20,Xiaomi
5,Ingenierï¿½a en Sistemas,1,CDMX,1,Apple,XS pro max,256 GB,0,1,1,1,0,21,Apple
5,Ingenierï¿½a en Sistemas,0,Estado de Mï¿½xico,1,Xiaomi,Poco X4 ,256 GB,1,4,1,1,0,23,Xiaomi
4,Ingenierï¿½a en Sistemas,0,Estado de Mï¿½xico,1,Apple,iPhone 13,256 GB,1,3,1,1,0,21,Apple
4,Ingenierï¿½a en Sistemas,1,CDMX,0,Honor,Lite 10,32 GB,0,5,0,1,0,21,Otra
3,Ingenierï¿½a en Sistemas,1,Estado de Mï¿½xico,1,Samsung,Galaxy a14,128 GB,1,4,1,1,0,19,Samsung
3,Ingenierï¿½a en Sistemas,1,Estado de Mï¿½xico,1,Samsung,A15,128 GB,1,2,1,1,0,20,Samsung
3,Ingenierï¿½a en Sistemas,1,CDMX,0,Xiaomi,Note 13 pro,128 GB,0,3,1,1,1,20,Xiaomi
3,Ingenierï¿½a en Sistemas,1,CDMX,1,Apple,iPhone 15,128 GB,0,1,0,1,0,19,Apple
8,Ingenierï¿½a en Sistemas,1,Estado de Mï¿½xico,0,Samsung,Z Flip 6,256 GB,1,3,1,1,0,21,Samsung
8,Ingenierï¿½a en Sistemas,1,Estado de Mï¿½xico,1,Samsung,A54,128 GB,0,4,1,1,0,24 o mï¿½s,Samsung
3,Ingenierï¿½a en Sistemas,1,CDMX,1,Oppo,OppoReno14F 5G,256 GB,1,1,1,0,0,19,Oppo
3,Ingenierï¿½a en Sistemas,0,Estado de Mï¿½xico,1,Oppo,A77,256 GB,1,2,0,1,0,20,Samsung
3,Ingenierï¿½a en Sistemas,1,CDMX,0,Samsung,Samsung galaxy s25FE ,64 GB,1,1,1,1,1,20,Samsung
3,Ingenierï¿½a en Sistemas,1,CDMX,0,Xiaomi,Poco x6 pro,512 GB,1,5,1,1,1,19,Xiaomi
3,Ingenierï¿½a en Sistemas,0,Guerrero,1,Samsung,S24,256 GB,0,4,1,1,0,19,Samsung
3,Ciencia de Datos,1,CDMX,1,Samsung,A55,256 GB,1,2,1,0,0,20,Samsung
3,Ingenierï¿½a en Sistemas,0,Estado de Mï¿½xico,1,Oppo,Reno12,128 GB,1,3,1,1,0,21,Google Pixel
3,Ingenierï¿½a en Sistemas,1,CDMX,1,Samsung,Galaxy A14,128 GB,1,5,1,1,0,19,Samsung
3,Ingenierï¿½a en Sistemas,0,CDMX,1,Samsung,Samsung galaxy A54,128 GB,0,5,1,1,0,22,Apple
3,Ingenierï¿½a en Sistemas,0,Estado de Mï¿½xico,1,Motorola,Moto g7 plus,64 GB,1,5,1,1,0,22,Samsung
3,Ingenierï¿½a en Sistemas,1,Estado de Mï¿½xico,1,Samsung,A34,128 GB,1,3,1,1,0,21,Samsung
3,Ingenierï¿½a en Sistemas,1,CDMX,1,Otra,Nose ,512 GB,0,1,1,1,0,20,Otra
6,Ingenierï¿½a en Sistemas,1,CDMX,1,Xiaomi,POCO C65,256 GB,0,3,1,1,1,20,Xiaomi
3,Inteligencia Artificial,1,CDMX,1,Apple,iPhone 12,128 GB,1,3,0,1,0,20,Apple
4,Ingenierï¿½a en Sistemas,1,CDMX,1,Otra,Infinix Hot 30,128 GB,1,4,1,1,1,19,Samsung
3,Inteligencia Artificial,0,CDMX,1,Samsung,S24,256 GB,0,3,1,1,0,19,Google Pixel
5,Ingenierï¿½a en Sistemas,1,Estado de Mï¿½xico,1,Otra,Redmi,512 GB,1,3,1,0,0,20,Samsung
7,Ingenierï¿½a en Sistemas,0,CDMX,0,Apple,iPhone 14,128 GB,1,1,1,0,0,21,Apple
3,Inteligencia Artificial,1,CDMX,1,Samsung,A36,32 GB,1,1,1,0,0,20,Apple
4,Ingenierï¿½a en Sistemas,1,CDMX,1,Samsung,A50,64 GB,1,4,1,1,1,19,Samsung
4,Ingenierï¿½a en Sistemas,1,Estado de Mï¿½xico,0,Xiaomi,11at,128 GB,1,4,1,0,0,20,Samsung
6,Ingenierï¿½a en Sistemas,0,CDMX,1,Apple,,256 GB,0,2,1,1,0,22,Samsung
6,Ingenierï¿½a en Sistemas,0,Estado de Mï¿½xico,1,Samsung,A14,128 GB,1,4,1,1,0,21,Apple
6,Ingenierï¿½a en Sistemas,1,Estado de Mï¿½xico,1,Motorola,E5 plus ,256 GB,0,3,1,1,0,22,Apple
5,Ingenierï¿½a en Sistemas,1,Estado de Mï¿½xico,0,Motorola,Motog52,64 GB,0,3,1,0,0,21,Apple
4,Ingenierï¿½a en Sistemas,0,Estado de Mï¿½xico,1,Motorola,Edge 30 neo,256 GB,0,3,1,0,0,19,Samsung
4,Ingenierï¿½a en Sistemas,0,Estado de Mï¿½xico,1,Motorola,g(100),256 GB,0,1,0,1,0,19,Apple
4,Ingenierï¿½a en Sistemas,1,CDMX,1,Samsung,A53,128 GB,1,1,0,1,0,22,Samsung
5,Ingenierï¿½a en Sistemas,1,Estado de Mï¿½xico,1,Apple,iPhone 13pro max,128 GB,1,1,1,1,1,23,Apple
4,Ingenierï¿½a en Sistemas,1,CDMX,1,Apple,iphone 16,256 GB,1,2,1,1,1,21,Apple
4,Ingenierï¿½a en Sistemas,1,CDMX,1,Xiaomi,Mui,256 GB,1,4,1,1,0,20,Otra
4,Ingenierï¿½a en Sistemas,0,CDMX,0,Samsung,A34,128 GB,0,4,1,1,0,21,Samsung
7,Ciencia de Datos,1,CDMX,1,Samsung,A52,128 GB,1,5,1,0,1,21,Google Pixel
5,Ingenierï¿½a en Sistemas,0,CDMX,1,Apple,14 pro,1 TB,0,4,1,0,1,22,Apple
6,Ciencia de Datos,1,Estado de Mï¿½xico,1,Samsung,S23 FE,128 GB,0,3,1,0,0,21,Huawei
5,Ingenierï¿½a en Sistemas,1,CDMX,1,Apple,iPhone 11,128 GB,1,2,0,1,1,20,Apple
4,Ingenierï¿½a en Sistemas,1,CDMX,0,Xiaomi,Poco x7pro,32 GB,0,4,1,1,0,20,Samsung
5,Ingenierï¿½a en Sistemas,0,CDMX,0,Samsung,S23 Ultra,256 GB,0,3,1,1,0,20,Samsung
4,Automotriz,1,Estado de Mï¿½xico,1,Apple,iPhone 14,128 GB,1,3,1,1,1,20,Samsung
4,Ingenierï¿½a en Sistemas,1,CDMX,1,Apple,iPhone 14,128 GB,0,2,1,1,1,20,Apple
3,Ingenierï¿½a en Sistemas,1,Estado de Mï¿½xico,1,Xiaomi,,512 GB,0,2,1,1,0,20,Samsung
4,Ingenierï¿½a en Sistemas,1,Estado de Mï¿½xico,1,Samsung,Samsung S24 Ultra,256 GB,1,1,1,1,0,19,Samsung
3,Ciencia de Datos,1,Estado de Mï¿½xico,1,Motorola,g71 5G,128 GB,1,4,1,1,0,20,Motorola
6,Ciencia de Datos,1,CDMX,1,Apple,,256 GB,1,4,1,1,1,20,Apple
6,Ciencia de Datos,0,Estado de Mï¿½xico,1,Xiaomi,POCO X5 5G,256 GB,1,4,1,1,0,23,Otra
6,Ciencia de Datos,1,Estado de Mï¿½xico,1,Apple,iPhone 16,256 GB,1,3,1,0,1,22,Apple
6,Ciencia de Datos,1,CDMX,0,Samsung,S21,256 GB,0,5,1,1,0,23,Samsung